Сотовый телефон Apple iPhone 16 256GB бирюзовый|99990 сом|https://kivano.kg/images/product/140325/1725944270_62667500.png|https://kivano.kg/product/view/sotovyy-telefon-apple-iphone-16-256gb-biryuzovyy
Сотовый телефон Apple iPhone 16 256GB розовый|99990 сом|https://kivano.kg/images/product/140326/1725944421_09396000.png|https://kivano.kg/product/view/sotovyy-telefon-apple-iphone-16-256gb-rozovyy
Сотовый телефон Xiaomi Redmi Note 13 Pro 5G 8/256GB белый|23530 сом|https://kivano.kg/images/product/139559/1723891435_36612400.jpeg|https://kivano.kg/product/view/sotovyy-telefon-xiaomi-redmi-note-13-pro-5g-8-256gb-belyy
Сотовый телефон Apple iPhone 16 256GB белый|99990 сом|https://kivano.kg/images/product/140327/1725944519_34284500.png|https://kivano.kg/product/view/sotovyy-telefon-apple-iphone-16-256gb-belyy
Сотовый телефон Xiaomi Redmi Note 13 Pro 5G 8/256GB голубой|22670 сом|https://kivano.kg/images/product/139560/1723891538_66860900.jpg|https://kivano.kg/product/view/sotovyy-telefon-xiaomi-redmi-note-13-pro-5g-8-256gb-goluboy
Сотовый телефон Apple iPhone 16 256GB ультрамарин|99990 сом|https://kivano.kg/images/product/140328/1725944617_20492600.png|https://kivano.kg/product/view/sotovyy-telefon-apple-iphone-16-256gb-ultramarin
Сотовый телефон Xiaomi Redmi Note 13 Pro 5G 8/256GB черный|23530 сом|https://kivano.kg/images/product/139561/1723891644_36284500.jpg|https://kivano.kg/product/view/sotovyy-telefon-xiaomi-redmi-note-13-pro-5g-8-256gb-chernyy
Сотовый телефон Apple iPhone 16 256GB черный|99990 сом|https://kivano.kg/images/product/140329/1725944701_39266200.png|https://kivano.kg/product/view/sotovyy-telefon-apple-iphone-16-256gb-chernyy
Сотовый телефон Xiaomi Redmi Note 13 Pro 5G 16/512GB фиолетовый|28010 сом|https://kivano.kg/images/product/139562/1723891909_22238200.jpg|https://kivano.kg/product/view/sotovyy-telefon-xiaomi-redmi-note-13-pro-5g-16-512gb-fioletovyy
Сотовый телефон Xiaomi Redmi Note 13 Pro 5G 16/512GB белый|28010 сом|https://kivano.kg/images/product/139563/1723892036_91706200.jpeg|https://kivano.kg/product/view/sotovyy-telefon-xiaomi-redmi-note-13-pro-5g-16-512gb-belyy
Сотовый телефон Xiaomi Redmi Note 13 Pro 5G 16/512GB голубой|28010 сом|https://kivano.kg/images/product/139564/1723892234_44778800.jpg|https://kivano.kg/product/view/sotovyy-telefon-xiaomi-redmi-note-13-pro-5g-16-512gb-goluboy
Сотовый телефон Xiaomi Poco M6 Pro 8/256GB черный|17840 сом|https://kivano.kg/images/product/132653/1706965083_33162900.jpg|https://kivano.kg/product/view/sotovyy-telefon-xiaomi-poco-m6-pro-8-256gb-chernyy
Сотовый телефон Xiaomi Redmi Note 13 Pro 5G 16/512GB черный|28010 сом|https://kivano.kg/images/product/139565/1723892313_12307000.jpg|https://kivano.kg/product/view/sotovyy-telefon-xiaomi-redmi-note-13-pro-5g-16-512gb-chernyy
Сотовый телефон Apple iPhone 16 512GB ультрамарин|116710 сом|https://kivano.kg/images/product/140333/1725945291_66784900.png|https://kivano.kg/product/view/sotovyy-telefon-apple-iphone-16-512gb-ultramarin
Сотовый телефон Samsung Galaxy S23 8/128GB черный|46730 сом|https://kivano.kg/images/product/117293/1676332819_65270900.jpg|https://kivano.kg/product/view/sotovyy-telefon-samsung-galaxy-s23-8-128gb-chernyy
Сотовый телефон Xiaomi Poco M6 Pro 8/256GB голубой|17840 сом|https://kivano.kg/images/product/132654/1706965247_65519900.jpg|https://kivano.kg/product/view/sotovyy-telefon-xiaomi-poco-m6-pro-8-256gb-goluboy
Сотовый телефон Honor Magic 6 Pro 12/512GB фиолетовый|71200 сом|https://kivano.kg/images/product/139054/1722770844_99582300.jpg|https://kivano.kg/product/view/sotovyy-telefon-honor-magic-6-pro-12-512gb-fioletovyy
Сотовый телефон Xiaomi 13 Ultra 12/256GB оливковый|59910 сом|https://kivano.kg/images/product/139566/1723893940_93985300.jpg|https://kivano.kg/product/view/sotovyy-telefon-xiaomi-13-ultra-12-256gb-olivkovyy
Сотовый телефон Xiaomi Poco M6 Pro 8/256GB фиолетовый|17840 сом|https://kivano.kg/images/product/132655/1706965365_79548000.jpg|https://kivano.kg/product/view/sotovyy-telefon-xiaomi-poco-m6-pro-8-256gb-fioletovyy
Сотовый телефон Honor Magic 6 Pro 12/512GB голубой|71200 сом|https://kivano.kg/images/product/139055/1722771047_75401600.jpg|https://kivano.kg/product/view/sotovyy-telefon-honor-magic-6-pro-12-512gb-goluboy
Сотовый телефон Apple iPhone 16 Pro Max 256GB белый|139640 сом|https://kivano.kg/images/product/140367/1726036465_14926400.png|https://kivano.kg/product/view/sotovyy-telefon-apple-iphone-16-pro-max-256gb-belyy
Сотовый телефон Samsung Galaxy Z Fold 5 12/256GB черный|88790 сом|https://kivano.kg/images/product/124751/1691828685_93184500.jpg|https://kivano.kg/product/view/sotovyy-telefon-samsung-galaxy-z-fold-5-12-256gb-chernyy
Сотовый телефон Apple iPhone 16 Pro Max 256GB натуральный титан|139640 сом|https://kivano.kg/images/product/140368/1726036687_84354900.png|https://kivano.kg/product/view/sotovyy-telefon-apple-iphone-16-pro-max-256gb-naturalnyy-titan
Сотовый телефон Apple iPhone 16 Pro Max 256GB золотистый|139640 сом|https://kivano.kg/images/product/140369/1726036801_05317400.png|https://kivano.kg/product/view/sotovyy-telefon-apple-iphone-16-pro-max-256gb-zolotistyy
Сотовый телефон Apple iPhone 14 128GB желтый|61630 сом|https://kivano.kg/images/product/119889/1681105560_17556400.jpg|https://kivano.kg/product/view/sotovyy-telefon-apple-iphone-14-128gb-zheltyy
Сотовый телефон Samsung Galaxy Z Fold 5 12/512GB серо-голубой|107070 сом|https://kivano.kg/images/product/124753/1691830168_14837300.jpg|https://kivano.kg/product/view/sotovyy-telefon-samsung-galaxy-z-fold-5-12-512gb-sero-goluboy
Сотовый телефон Apple iPhone 16 Pro Max 512GB черный|162060 сом|https://kivano.kg/images/product/140370/1726037105_20188900.png|https://kivano.kg/product/view/sotovyy-telefon-apple-iphone-16-pro-max-512gb-chernyy
Сотовый телефон Samsung Galaxy Z Fold 5 12/512GB черный|107070 сом|https://kivano.kg/images/product/124754/1691830300_79257600.jpg|https://kivano.kg/product/view/sotovyy-telefon-samsung-galaxy-z-fold-5-12-512gb-chernyy
Сотовый телефон Apple iPhone 16 Pro Max 512GB белый|162060 сом|https://kivano.kg/images/product/140371/1726037224_24054700.png|https://kivano.kg/product/view/sotovyy-telefon-apple-iphone-16-pro-max-512gb-belyy
Сотовый телефон Samsung Galaxy Z Fold 5 12/512GB кремовый|107070 сом|https://kivano.kg/images/product/124755/1691830410_04797900.jpg|https://kivano.kg/product/view/sotovyy-telefon-samsung-galaxy-z-fold-5-12-512gb-kremovyy
Сотовый телефон Apple iPhone 16 Pro Max 512GB натуральный титан|162060 сом|https://kivano.kg/images/product/140372/1726037327_04991300.png|https://kivano.kg/product/view/sotovyy-telefon-apple-iphone-16-pro-max-512gb-naturalnyy-titan
Сотовый телефон Samsung Galaxy Z Fold 6 12/512GB розовый|137750 сом|https://kivano.kg/images/product/139093/1722934008_71926900.jpg|https://kivano.kg/product/view/sotovyy-telefon-samsung-galaxy-z-fold-6-12-512gb-rozovyy
Сотовый телефон Apple iPhone 16 Pro Max 512GB золотистый|162060 сом|https://kivano.kg/images/product/140373/1726037428_98763000.png|https://kivano.kg/product/view/sotovyy-telefon-apple-iphone-16-pro-max-512gb-zolotistyy
Сотовый телефон Samsung Galaxy Z Fold 6 12/512GB серый|137750 сом|https://kivano.kg/images/product/139094/1722934141_23237500.jpg|https://kivano.kg/product/view/sotovyy-telefon-samsung-galaxy-z-fold-6-12-512gb-seryy
Сотовый телефон Apple iPhone 16 Pro Max 1TB черный|196540 сом|https://kivano.kg/images/product/140374/1726037639_73273000.png|https://kivano.kg/product/view/sotovyy-telefon-apple-iphone-16-pro-max-1tb-chernyy
Сотовый телефон Samsung Galaxy Z Fold 6 12/512GB синий|137750 сом|https://kivano.kg/images/product/139095/1722934432_25639100.jpg|https://kivano.kg/product/view/sotovyy-telefon-samsung-galaxy-z-fold-6-12-512gb-siniy
Сотовый телефон Apple iPhone 16 Pro Max 1TB белый|196540 сом|https://kivano.kg/images/product/140375/1726037766_26139300.png|https://kivano.kg/product/view/sotovyy-telefon-apple-iphone-16-pro-max-1tb-belyy
Сотовый телефон Apple iPhone 16 Pro Max 1TB натуральный титан|196540 сом|https://kivano.kg/images/product/140376/1726037950_62745600.png|https://kivano.kg/product/view/sotovyy-telefon-apple-iphone-16-pro-max-1tb-naturalnyy-titan
Сотовый телефон Apple iPhone 16 Pro Max 1TB золотистый|196540 сом|https://kivano.kg/images/product/140377/1726038060_21384200.png|https://kivano.kg/product/view/sotovyy-telefon-apple-iphone-16-pro-max-1tb-zolotistyy
Сотовый телефон Samsung Galaxy S24 Plus 12/256GB черный|71290 сом|https://kivano.kg/images/product/133984/1709586219_78622900.jpg|https://kivano.kg/product/view/sotovyy-telefon-samsung-galaxy-s24-plus-12-256gb-chernyy
Сотовый телефон Xiaomi Redmi 13C 6/128GB черный|11210 сом|https://kivano.kg/images/product/129592/1700924253_44014600.jpg|https://kivano.kg/product/view/sotovyy-telefon-xiaomi-redmi-13c-6-128gb-chernyy
Сотовый телефон Xiaomi Redmi 14C 8/256GB черный|13530 сом|https://kivano.kg/images/product/141625/1729516345_66577400.jpg|https://kivano.kg/product/view/sotovyy-telefon-xiaomi-redmi-14c-8-256gb-chernyy
Сотовый телефон Samsung Galaxy S23 8/128GB лавандовый|46730 сом|https://kivano.kg/images/product/119609/1680532284_32300500.jpg|https://kivano.kg/product/view/sotovyy-telefon-samsung-galaxy-s23-8-128gb-lavandovyy
Сотовый телефон Xiaomi Redmi 14C 8/256GB зеленый|13530 сом|https://kivano.kg/images/product/141626/1729516869_56831200.jpg|https://kivano.kg/product/view/sotovyy-telefon-xiaomi-redmi-14c-8-256gb-zelenyy
Сотовый телефон Samsung Galaxy S23 8/128GB графит|46730 сом|https://kivano.kg/images/product/119610/1680532350_83602500.jpg|https://kivano.kg/product/view/sotovyy-telefon-samsung-galaxy-s23-8-128gb-grafit
Сотовый телефон Xiaomi Redmi 14C 8/256GB синий|13530 сом|https://kivano.kg/images/product/141627/1729516957_49654600.jpg|https://kivano.kg/product/view/sotovyy-telefon-xiaomi-redmi-14c-8-256gb-siniy
Сотовый телефон Samsung Galaxy S23 8/128GB лайм|46730 сом|https://kivano.kg/images/product/119611/1680532432_62256300.jpg|https://kivano.kg/product/view/sotovyy-telefon-samsung-galaxy-s23-8-128gb-laym
Сотовый телефон Xiaomi Redmi 14C 8/256GB фиолетовый|13530 сом|https://kivano.kg/images/product/141628/1729517183_31632700.jpg|https://kivano.kg/product/view/sotovyy-telefon-xiaomi-redmi-14c-8-256gb-fioletovyy
Сотовый телефон Xiaomi 14T 12/512GB серый|44920 сом|https://kivano.kg/images/product/141629/1729528344_63197500.jpg|https://kivano.kg/product/view/sotovyy-telefon-xiaomi-14t-12-512gb-seryy
Сотовый телефон Apple iPhone 16 Pro 128GB черный|117230 сом|https://kivano.kg/images/product/140350/1725960816_73996100.png|https://kivano.kg/product/view/sotovyy-telefon-apple-iphone-16-pro-128gb-chernyy
Сотовый телефон Xiaomi 14T 12/512GB синий|44920 сом|https://kivano.kg/images/product/141630/1729528515_48973500.jpg|https://kivano.kg/product/view/sotovyy-telefon-xiaomi-14t-12-512gb-siniy
Сотовый телефон Apple iPhone 16 Pro 128GB белый|117230 сом|https://kivano.kg/images/product/140351/1725960972_09002900.png|https://kivano.kg/product/view/sotovyy-telefon-apple-iphone-16-pro-128gb-belyy
Сотовый телефон Xiaomi 14T 12/512GB черный|44920 сом|https://kivano.kg/images/product/141631/1729528650_69010500.jpg|https://kivano.kg/product/view/sotovyy-telefon-xiaomi-14t-12-512gb-chernyy
Сотовый телефон Apple iPhone 16 Pro 128GB натуральный титан|117230 сом|https://kivano.kg/images/product/140352/1725961439_29769900.png|https://kivano.kg/product/view/sotovyy-telefon-apple-iphone-16-pro-128gb-naturalnyy-titan
Сотовый телефон Xiaomi 14T 12/512GB зеленый|44920 сом|https://kivano.kg/images/product/141632/1729528752_50350800.jpg|https://kivano.kg/product/view/sotovyy-telefon-xiaomi-14t-12-512gb-zelenyy
Сотовый телефон Apple iPhone 16 Pro 128GB золотистый|117230 сом|https://kivano.kg/images/product/140353/1725962961_75443300.png|https://kivano.kg/product/view/sotovyy-telefon-apple-iphone-16-pro-128gb-zolotistyy
Сотовый телефон Xiaomi 14T Pro 12/256GB серый|54560 сом|https://kivano.kg/images/product/141633/1729530011_98256900.jpg|https://kivano.kg/product/view/sotovyy-telefon-xiaomi-14t-pro-12-256gb-seryy
Сотовый телефон Apple iPhone 16 Pro 256GB черный|128440 сом|https://kivano.kg/images/product/140354/1725963297_57901000.png|https://kivano.kg/product/view/sotovyy-telefon-apple-iphone-16-pro-256gb-chernyy
Сотовый телефон Xiaomi 14T Pro 12/256GB синий|54560 сом|https://kivano.kg/images/product/141634/1729530153_75803400.jpg|https://kivano.kg/product/view/sotovyy-telefon-xiaomi-14t-pro-12-256gb-siniy
Сотовый телефон Apple iPhone 16 Pro 256GB белый|128440 сом|https://kivano.kg/images/product/140355/1725963515_14148000.png|https://kivano.kg/product/view/sotovyy-telefon-apple-iphone-16-pro-256gb-belyy
Сотовый телефон Xiaomi 14T 12/256GB серый|41380 сом|https://kivano.kg/images/product/141838/1730194654_16651500.jpg|https://kivano.kg/product/view/sotovyy-telefon-xiaomi-14t-12-256gb-seryy
Сотовый телефон Xiaomi Redmi 13C 4/128GB белый|11290 сом|https://kivano.kg/images/product/129294/1700309730_33847000.jpg|https://kivano.kg/product/view/sotovyy-telefon-xiaomi-redmi-13c-4-128gb-belyy
Сотовый телефон Xiaomi Redmi Note 13 Pro 12/512GB зеленый|24310 сом|https://kivano.kg/images/product/132111/1706002294_73980900.jpg|https://kivano.kg/product/view/sotovyy-telefon-xiaomi-redmi-note-13-pro-12-512gb-zelenyy
Сотовый телефон Xiaomi 14T 12/256GB синий|41380 сом|https://kivano.kg/images/product/141839/1730194736_34432100.jpg|https://kivano.kg/product/view/sotovyy-telefon-xiaomi-14t-12-256gb-siniy
Сотовый телефон Xiaomi Redmi 13C 4/128GB зеленый|11290 сом|https://kivano.kg/images/product/129295/1700309954_46131100.jpg|https://kivano.kg/product/view/sotovyy-telefon-xiaomi-redmi-13c-4-128gb-zelenyy
Сотовый телефон Xiaomi Redmi Note 13 Pro Plus 8/256GB черный|30600 сом|https://kivano.kg/images/product/132112/1706006321_01444600.jpg|https://kivano.kg/product/view/sotovyy-telefon-xiaomi-redmi-note-13-pro-plus-8-256gb-chernyy
Сотовый телефон Xiaomi 14T 12/256GB черный|41380 сом|https://kivano.kg/images/product/141840/1730194821_89295800.jpg|https://kivano.kg/product/view/sotovyy-telefon-xiaomi-14t-12-256gb-chernyy
Сотовый телефон Xiaomi Redmi 13C 6/128GB синий |11210 сом|https://kivano.kg/images/product/129296/1700310160_51875300.jpg|https://kivano.kg/product/view/sotovyy-telefon-xiaomi-redmi-13c-6-128gb-siniy
Сотовый телефон Xiaomi Redmi Note 13 Pro Plus 8/256GB белый|30600 сом|https://kivano.kg/images/product/132113/1706006563_40003500.jpg|https://kivano.kg/product/view/sotovyy-telefon-xiaomi-redmi-note-13-pro-plus-8-256gb-belyy
Сотовый телефон Samsung Galaxy A25 6/128GB голубой|19910 сом|https://kivano.kg/images/product/141585/1729501306_37971300.png|https://kivano.kg/product/view/sotovyy-telefon-samsung-galaxy-a25-6-128gb-goluboy
Сотовый телефон Xiaomi Poco C65 8/256GB сиреневый|12760 сом|https://kivano.kg/images/product/134167/1709824481_88701300.jpg|https://kivano.kg/product/view/sotovyy-telefon-xiaomi-poco-c65-8-256gb-sirenevyy
Сотовый телефон Xiaomi 14T 12/256GB зеленый|41380 сом|https://kivano.kg/images/product/141841/1730194918_76145900.jpg|https://kivano.kg/product/view/sotovyy-telefon-xiaomi-14t-12-256gb-zelenyy
Сотовый телефон Xiaomi 14 12/256GB черный|59480 сом|https://kivano.kg/images/product/134168/1709826169_10060300.jpg|https://kivano.kg/product/view/sotovyy-telefon-xiaomi-14-12-256gb-chernyy
Сотовый телефон Xiaomi Redmi 13C 8/256GB черный|12500 сом|https://kivano.kg/images/product/129297/1700310457_66855200.jpg|https://kivano.kg/product/view/sotovyy-telefon-xiaomi-redmi-13c-8-256gb-chernyy
Сотовый телефон Samsung Galaxy S24 Ultra 12/256GB серый|91290 сом|https://kivano.kg/images/product/132121/1706013963_57698400.jpg|https://kivano.kg/product/view/sotovyy-telefon-samsung-galaxy-s24-ultra-12-256gb-seryy
Сотовый телефон Xiaomi Redmi Note 13 Pro Plus 8/256GB фиолетовый|30600 сом|https://kivano.kg/images/product/132114/1706006652_28401800.jpg|https://kivano.kg/product/view/sotovyy-telefon-xiaomi-redmi-note-13-pro-plus-8-256gb-fioletovyy
Сотовый телефон Xiaomi 14 12/256GB зеленый|59480 сом|https://kivano.kg/images/product/134169/1709826274_52740000.jpg|https://kivano.kg/product/view/sotovyy-telefon-xiaomi-14-12-256gb-zelenyy
Сотовый телефон Xiaomi Redmi 13C 8/256GB синий|12500 сом|https://kivano.kg/images/product/129298/1700310659_75997800.jpg|https://kivano.kg/product/view/sotovyy-telefon-xiaomi-redmi-13c-8-256gb-siniy
Сотовый телефон Xiaomi 14 12/256GB белый|59480 сом|https://kivano.kg/images/product/134170/1709826407_56473300.jpg|https://kivano.kg/product/view/sotovyy-telefon-xiaomi-14-12-256gb-belyy
Сотовый телефон Xiaomi Redmi Note 13 Pro Plus 12/512GB черный|35430 сом|https://kivano.kg/images/product/132115/1706006879_14694500.jpg|https://kivano.kg/product/view/sotovyy-telefon-xiaomi-redmi-note-13-pro-plus-12-512gb-chernyy
Сотовый телефон Xiaomi 14 12/512GB черный|60510 сом|https://kivano.kg/images/product/134171/1709826606_28710500.jpg|https://kivano.kg/product/view/sotovyy-telefon-xiaomi-14-12-512gb-chernyy
Сотовый телефон Xiaomi Redmi 13C 8/256GB белый|12500 сом|https://kivano.kg/images/product/129299/1700311013_84423100.jpg|https://kivano.kg/product/view/sotovyy-telefon-xiaomi-redmi-13c-8-256gb-belyy
Сотовый телефон Samsung Galaxy A15 4/128GB светло-голубой|15950 сом|https://kivano.kg/images/product/131612/1705238249_14371400.jpg|https://kivano.kg/product/view/sotovyy-telefon-samsung-galaxy-a15-4-128gb-svetlo-goluboy
Сотовый телефон Xiaomi Redmi Note 13 Pro Plus 12/512GB белый|35430 сом|https://kivano.kg/images/product/132116/1706006989_71324100.jpg|https://kivano.kg/product/view/sotovyy-telefon-xiaomi-redmi-note-13-pro-plus-12-512gb-belyy
Сотовый телефон Xiaomi 14 12/512GB зеленый|60510 сом|https://kivano.kg/images/product/134172/1709826727_91607400.jpg|https://kivano.kg/product/view/sotovyy-telefon-xiaomi-14-12-512gb-zelenyy
Сотовый телефон Xiaomi Redmi 13C 8/256GB зеленый|12500 сом|https://kivano.kg/images/product/129300/1700311327_58252900.jpg|https://kivano.kg/product/view/sotovyy-telefon-xiaomi-redmi-13c-8-256gb-zelenyy
Сотовый телефон Samsung Galaxy A15 4/128GB черно-синий|15950 сом|https://kivano.kg/images/product/131613/1705238328_05852700.jpg|https://kivano.kg/product/view/sotovyy-telefon-samsung-galaxy-a15-4-128gb-cherno-siniy
Сотовый телефон Xiaomi Redmi Note 13 Pro Plus 12/512GB фиолетовый|35430 сом|https://kivano.kg/images/product/132117/1706007074_90772200.jpg|https://kivano.kg/product/view/sotovyy-telefon-xiaomi-redmi-note-13-pro-plus-12-512gb-fioletovyy
Сотовый телефон Xiaomi 14 12/512GB белый|60510 сом|https://kivano.kg/images/product/134173/1709826854_26748300.jpg|https://kivano.kg/product/view/sotovyy-telefon-xiaomi-14-12-512gb-belyy
Сотовый телефон Xiaomi Poco C65 6/128GB сиреневый|11380 сом|https://kivano.kg/images/product/134166/1709824259_63975200.jpg|https://kivano.kg/product/view/sotovyy-telefon-xiaomi-poco-c65-6-128gb-sirenevyy
Сотовый телефон Samsung Galaxy A15 4/128GB желтый|15950 сом|https://kivano.kg/images/product/131614/1705238425_09819500.jpg|https://kivano.kg/product/view/sotovyy-telefon-samsung-galaxy-a15-4-128gb-zheltyy
Сотовый телефон Xiaomi Poco X6 12/256GB черный|25260 сом|https://kivano.kg/images/product/131615/1705245304_62745700.jpg|https://kivano.kg/product/view/sotovyy-telefon-xiaomi-poco-x6-12-256gb-chernyy
Сотовый телефон Xiaomi Poco X6 12/256GB синий|25260 сом|https://kivano.kg/images/product/131616/1705245455_84502700.jpg|https://kivano.kg/product/view/sotovyy-telefon-xiaomi-poco-x6-12-256gb-siniy
Сотовый телефон Apple iPhone 16 128GB черный|87920 сом|https://kivano.kg/images/product/140320/1725944106_55450200.png|https://kivano.kg/product/view/sotovyy-telefon-apple-iphone-16-128gb-chernyy
Сотовый телефон Xiaomi Poco X6 12/256GB белый|25260 сом|https://kivano.kg/images/product/131617/1705245769_17445100.jpg|https://kivano.kg/product/view/sotovyy-telefon-xiaomi-poco-x6-12-256gb-belyy
Сотовый телефон Apple iPhone 16 128GB бирюзовый|87920 сом|https://kivano.kg/images/product/140321/1725944128_07174900.png|https://kivano.kg/product/view/sotovyy-telefon-apple-iphone-16-128gb-biryuzovyy
Сотовый телефон Apple iPhone 16 128GB розовый|87920 сом|https://kivano.kg/images/product/140322/1725944148_38366400.png|https://kivano.kg/product/view/sotovyy-telefon-apple-iphone-16-128gb-rozovyy
Сотовый телефон Apple iPhone 16 128GB белый|87920 сом|https://kivano.kg/images/product/140323/1725944168_86914000.png|https://kivano.kg/product/view/sotovyy-telefon-apple-iphone-16-128gb-belyy
Сотовый телефон Apple iPhone 16 128GB ультрамарин|87920 сом|https://kivano.kg/images/product/140324/1725944207_16895200.png|https://kivano.kg/product/view/sotovyy-telefon-apple-iphone-16-128gb-ultramarin
Сотовый телефон Samsung Galaxy A15 8/256GB голубой|18790 сом|https://kivano.kg/images/product/138021/1719775654_80824500.png|https://kivano.kg/product/view/sotovyy-telefon-samsung-galaxy-a15-8-256gb-goluboy
Сотовый телефон Xiaomi 14T Pro 12/256GB черный|54560 сом|https://kivano.kg/images/product/141635/1729530271_97059900.jpg|https://kivano.kg/product/view/sotovyy-telefon-xiaomi-14t-pro-12-256gb-chernyy
Сотовый телефон Apple iPhone 16 Pro 256GB натуральный титан|128440 сом|https://kivano.kg/images/product/140356/1725963670_33200800.png|https://kivano.kg/product/view/sotovyy-telefon-apple-iphone-16-pro-256gb-naturalnyy-titan
Сотовый телефон Xiaomi 14T Pro 12/512GB серый|57750 сом|https://kivano.kg/images/product/141636/1729530549_44412100.jpg|https://kivano.kg/product/view/sotovyy-telefon-xiaomi-14t-pro-12-512gb-seryy
Сотовый телефон Apple iPhone 16 Pro 256GB золотистый|128440 сом|https://kivano.kg/images/product/140357/1725963841_97891300.png|https://kivano.kg/product/view/sotovyy-telefon-apple-iphone-16-pro-256gb-zolotistyy
Сотовый телефон Xiaomi 14T Pro 12/512GB синий |57750 сом|https://kivano.kg/images/product/141637/1729530721_23802800.jpg|https://kivano.kg/product/view/sotovyy-telefon-xiaomi-14t-pro-12-512gb-siniy
Сотовый телефон Apple iPhone 16 Pro 512GB черный|150860 сом|https://kivano.kg/images/product/140358/1725964137_09967200.png|https://kivano.kg/product/view/sotovyy-telefon-apple-iphone-16-pro-512gb-chernyy
Сотовый телефон Xiaomi 14T Pro 12/512GB черный|57750 сом|https://kivano.kg/images/product/141638/1729530877_75167800.jpg|https://kivano.kg/product/view/sotovyy-telefon-xiaomi-14t-pro-12-512gb-chernyy
Сотовый телефон Apple iPhone 16 Pro 512GB белый|150860 сом|https://kivano.kg/images/product/140359/1725964293_17866500.png|https://kivano.kg/product/view/sotovyy-telefon-apple-iphone-16-pro-512gb-belyy
Сотовый телефон Apple iPhone 16 Pro 512GB натуральный титан|150860 сом|https://kivano.kg/images/product/140360/1725964499_47951900.png|https://kivano.kg/product/view/sotovyy-telefon-apple-iphone-16-pro-512gb-naturalnyy-titan
Сотовый телефон Apple iPhone 16 Pro 512GB золотистый|150860 сом|https://kivano.kg/images/product/140361/1725964629_86496500.png|https://kivano.kg/product/view/sotovyy-telefon-apple-iphone-16-pro-512gb-zolotistyy
Сотовый телефон Apple iPhone 16 Pro 1TB черный|171540 сом|https://kivano.kg/images/product/140362/1725965166_44258600.png|https://kivano.kg/product/view/sotovyy-telefon-apple-iphone-16-pro-1tb-chernyy
Сотовый телефон Samsung Galaxy Z Flip 5 8/256GB мятный|51810 сом|https://kivano.kg/images/product/124746/1691825893_82315400.jpg|https://kivano.kg/product/view/sotovyy-telefon-samsung-galaxy-z-flip-5-8-256gb-myatnyy
Сотовый телефон Apple iPhone 16 Pro 1TB белый|171540 сом|https://kivano.kg/images/product/140363/1725965291_58212800.png|https://kivano.kg/product/view/sotovyy-telefon-apple-iphone-16-pro-1tb-belyy
Сотовый телефон Samsung Galaxy Z Flip 5 8/256GB графит|51810 сом|https://kivano.kg/images/product/124747/1691826081_52572500.jpg|https://kivano.kg/product/view/sotovyy-telefon-samsung-galaxy-z-flip-5-8-256gb-grafit
Сотовый телефон Apple iPhone 16 Pro 1TB натуральный титан|171540 сом|https://kivano.kg/images/product/140364/1725965397_55162000.png|https://kivano.kg/product/view/sotovyy-telefon-apple-iphone-16-pro-1tb-naturalnyy-titan
Сотовый телефон Samsung Galaxy Z Flip 5 8/256GB кремовый|51810 сом|https://kivano.kg/images/product/124748/1691826217_75948900.jpg|https://kivano.kg/product/view/sotovyy-telefon-samsung-galaxy-z-flip-5-8-256gb-kremovyy
Сотовый телефон Apple iPhone 16 Pro 1TB золотистый|171540 сом|https://kivano.kg/images/product/140365/1725965487_75914300.png|https://kivano.kg/product/view/sotovyy-telefon-apple-iphone-16-pro-1tb-zolotistyy
Сотовый телефон Samsung Galaxy Z Flip 5 8/256GB лавандовый|51810 сом|https://kivano.kg/images/product/124749/1691826381_87575600.jpg|https://kivano.kg/product/view/sotovyy-telefon-samsung-galaxy-z-flip-5-8-256gb-lavandovyy
Сотовый телефон Apple iPhone 16 Pro Max 256GB черный|139640 сом|https://kivano.kg/images/product/140366/1726036369_07431700.png|https://kivano.kg/product/view/sotovyy-telefon-apple-iphone-16-pro-max-256gb-chernyy
Сотовый телефон Samsung Galaxy Z Fold 5 12/256GB серо-голубой|88790 сом|https://kivano.kg/images/product/124750/1691828573_82854800.jpg|https://kivano.kg/product/view/sotovyy-telefon-samsung-galaxy-z-fold-5-12-256gb-sero-goluboy
Сотовый телефон Xiaomi 13 Ultra 12/256GB черный|59910 сом|https://kivano.kg/images/product/139567/1723894036_02492100.jpg|https://kivano.kg/product/view/sotovyy-telefon-xiaomi-13-ultra-12-256gb-chernyy
Сотовый телефон Apple iPhone 16 Plus 128GB бирюзовый|98270 сом|https://kivano.kg/images/product/140335/1725951644_43018400.png|https://kivano.kg/product/view/sotovyy-telefon-apple-iphone-16-plus-128gb-biryuzovyy
Сотовый телефон Samsung Galaxy S23 Ultra 12/256GB черный|73100 сом|https://kivano.kg/images/product/117295/1676334881_73479700.jpg|https://kivano.kg/product/view/sotovyy-telefon-samsung-galaxy-s23-ultra-12-256gb-chernyy
Сотовый телефон Xiaomi Poco C65 6/128GB черный|11380 сом|https://kivano.kg/images/product/132656/1706965984_62525000.jpg|https://kivano.kg/product/view/sotovyy-telefon-xiaomi-poco-c65-6-128gb-chernyy
Сотовый телефон Honor Magic 6 Pro 12/512GB белый|71200 сом|https://kivano.kg/images/product/139056/1722771186_10847900.jpg|https://kivano.kg/product/view/sotovyy-telefon-honor-magic-6-pro-12-512gb-belyy
Сотовый телефон Xiaomi 13 Ultra 16/512GB черный|64300 сом|https://kivano.kg/images/product/139568/1723894307_34559400.jpg|https://kivano.kg/product/view/sotovyy-telefon-xiaomi-13-ultra-16-512gb-chernyy
Сотовый телефон Samsung Galaxy S23 Ultra 12/256GB лавандовый|70420 сом|https://kivano.kg/images/product/117296/1676334902_76114000.jpg|https://kivano.kg/product/view/sotovyy-telefon-samsung-galaxy-s23-ultra-12-256gb-lavandovyy
Сотовый телефон Xiaomi Poco C65 6/128GB синий|11380 сом|https://kivano.kg/images/product/132657/1706965997_50229900.jpg|https://kivano.kg/product/view/sotovyy-telefon-xiaomi-poco-c65-6-128gb-siniy
Сотовый телефон Honor Magic 6 Pro 12/512GB зеленый|71200 сом|https://kivano.kg/images/product/139057/1722771270_24767500.jpg|https://kivano.kg/product/view/sotovyy-telefon-honor-magic-6-pro-12-512gb-zelenyy
Сотовый телефон Xiaomi 13 Ultra 16/512GB оливковый|64300 сом|https://kivano.kg/images/product/139569/1723894415_34664200.jpg|https://kivano.kg/product/view/sotovyy-telefon-xiaomi-13-ultra-16-512gb-olivkovyy
Сотовый телефон Honor Magic 6 Pro 12/512GB черный|71200 сом|https://kivano.kg/images/product/139058/1722771403_12018500.jpg|https://kivano.kg/product/view/sotovyy-telefon-honor-magic-6-pro-12-512gb-chernyy
Сотовый телефон Samsung Galaxy S24 8/256GB черный|66030 сом|https://kivano.kg/images/product/132659/1706968345_50942600.jpg|https://kivano.kg/product/view/sotovyy-telefon-samsung-galaxy-s24-8-256gb-chernyy
Сотовый телефон Apple iPhone 16 Plus 128GB черный|98270 сом|https://kivano.kg/images/product/140339/1725952985_89030900.png|https://kivano.kg/product/view/sotovyy-telefon-apple-iphone-16-plus-128gb-chernyy
Сотовый телефон Samsung Galaxy S24 8/256GB серый|65170 сом|https://kivano.kg/images/product/132660/1706968551_13065100.jpg|https://kivano.kg/product/view/sotovyy-telefon-samsung-galaxy-s24-8-256gb-seryy
Сотовый телефон Xiaomi Redmi 14C 4/128GB черный|11290 сом|https://kivano.kg/images/product/141621/1729515427_88246300.jpg|https://kivano.kg/product/view/sotovyy-telefon-xiaomi-redmi-14c-4-128gb-chernyy
Сотовый телефон Xiaomi Redmi 14C 4/128GB зеленый|11290 сом|https://kivano.kg/images/product/141622/1729515879_41702200.jpg|https://kivano.kg/product/view/sotovyy-telefon-xiaomi-redmi-14c-4-128gb-zelenyy
Сотовый телефон Xiaomi Redmi 14C 4/128GB синий|11290 сом|https://kivano.kg/images/product/141623/1729516000_99903100.jpg|https://kivano.kg/product/view/sotovyy-telefon-xiaomi-redmi-14c-4-128gb-siniy
Сотовый телефон Samsung Galaxy S23 8/128GB кремовый|46730 сом|https://kivano.kg/images/product/119607/1680532075_44649100.jpg|https://kivano.kg/product/view/sotovyy-telefon-samsung-galaxy-s23-8-128gb-kremovyy
Сотовый телефон Xiaomi Redmi 14C 4/128GB фиолетовый|11290 сом|https://kivano.kg/images/product/141624/1729516122_73757700.jpg|https://kivano.kg/product/view/sotovyy-telefon-xiaomi-redmi-14c-4-128gb-fioletovyy
Сотовый телефон Samsung Galaxy S23 8/128GB зеленый|47580 сом|https://kivano.kg/images/product/119608/1680532160_25501200.jpg|https://kivano.kg/product/view/sotovyy-telefon-samsung-galaxy-s23-8-128gb-zelenyy
Сотовый телефон Samsung Galaxy S24 Plus 12/256GB серый|71290 сом|https://kivano.kg/images/product/133985/1709586309_08290000.jpg|https://kivano.kg/product/view/sotovyy-telefon-samsung-galaxy-s24-plus-12-256gb-seryy
Сотовый телефон Samsung Galaxy Z Fold 6 12/256GB синий|119300 сом|https://kivano.kg/images/product/138856/1722233224_44089900.jpg|https://kivano.kg/product/view/sotovyy-telefon-samsung-galaxy-z-fold-6-12-256gb-siniy
Сотовый телефон Samsung Galaxy A35 8/128GB темно-синий|24480 сом|https://kivano.kg/images/product/135017/1711906979_76633100.jpg|https://kivano.kg/product/view/sotovyy-telefon-samsung-galaxy-a35-8-128gb-temno-siniy
Сотовый телефон Samsung Galaxy Z Fold 6 12/256GB серый|119300 сом|https://kivano.kg/images/product/138857/1722233416_95740000.jpg|https://kivano.kg/product/view/sotovyy-telefon-samsung-galaxy-z-fold-6-12-256gb-seryy
Сотовый телефон Samsung Galaxy A35 8/128GB серо-голубой|22840 сом|https://kivano.kg/images/product/135018/1711907076_48707900.jpg|https://kivano.kg/product/view/sotovyy-telefon-samsung-galaxy-a35-8-128gb-sero-goluboy
Сотовый телефон Samsung Galaxy A35 8/128GB лавандовый|22840 сом|https://kivano.kg/images/product/135019/1711907173_86594700.jpg|https://kivano.kg/product/view/sotovyy-telefon-samsung-galaxy-a35-8-128gb-lavandovyy
Сотовый телефон Samsung Galaxy A35 8/128GB желтый|22840 сом|https://kivano.kg/images/product/135020/1711907254_39857800.jpg|https://kivano.kg/product/view/sotovyy-telefon-samsung-galaxy-a35-8-128gb-zheltyy
Сотовый телефон Samsung Galaxy Z Flip 5 8/512GB графит|56200 сом|https://kivano.kg/images/product/124780/1691996335_90253900.jpg|https://kivano.kg/product/view/sotovyy-telefon-samsung-galaxy-z-flip-5-8-512gb-grafit
Сотовый телефон Xiaomi Redmi A3 4/128GB черный|9140 сом|https://kivano.kg/images/product/133491/1708801276_23590200.jpg|https://kivano.kg/product/view/sotovyy-telefon-xiaomi-redmi-a3-4-128gb-chernyy
Сотовый телефон Xiaomi Redmi A3 4/128GB зеленый|9140 сом|https://kivano.kg/images/product/133492/1708801285_89493700.jpg|https://kivano.kg/product/view/sotovyy-telefon-xiaomi-redmi-a3-4-128gb-zelenyy
Сотовый телефон Xiaomi Redmi A3 4/128GB голубой|9140 сом|https://kivano.kg/images/product/133493/1708801293_02677100.jpg|https://kivano.kg/product/view/sotovyy-telefon-xiaomi-redmi-a3-4-128gb-goluboy
Сотовый телефон Xiaomi 13 12/256GB черный|45000 сом|https://kivano.kg/images/product/118918/1679467008_10461000.jpg|https://kivano.kg/product/view/sotovyy-telefon-xiaomi-13-12-256gb-chernyy
Сотовый телефон Xiaomi 13 12/256GB нефритовый зеленый|45000 сом|https://kivano.kg/images/product/118919/1679467018_26145300.jpg|https://kivano.kg/product/view/sotovyy-telefon-xiaomi-13-12-256gb-nefritovyy-zelenyy
Сотовый телефон Xiaomi Poco M6 8/256GB фиолетовый|16980 сом|https://kivano.kg/images/product/137608/1718166714_69772200.png|https://kivano.kg/product/view/sotovyy-telefon-xiaomi-poco-m6-8-256gb-fioletovyy
Сотовый телефон Samsung Galaxy Z Flip4 8/512GB фиолетовый|48360 сом|https://kivano.kg/images/product/121736/1685872177_29947000.jpg|https://kivano.kg/product/view/sotovyy-telefon-samsung-galaxy-z-flip4-8-512gb-fioletovyy
Сотовый телефон Samsung Galaxy Z Flip4 8/512GB золотой|48360 сом|https://kivano.kg/images/product/121737/1685872245_42342000.jpg|https://kivano.kg/product/view/sotovyy-telefon-samsung-galaxy-z-flip4-8-512gb-zolotoy
Сотовый телефон BQ BQ-2449 Hammer зеленый|5170 сом|https://kivano.kg/images/product/85898/1605094882_70653000.jpg|https://kivano.kg/product/view/sotovyy-telefon-bq-bq-2449-hammer-zelenyy
Сотовый телефон Samsung Galaxy Z Flip4 8/512GB графитовый|48360 сом|https://kivano.kg/images/product/121738/1685872420_01801300.jpg|https://kivano.kg/product/view/sotovyy-telefon-samsung-galaxy-z-flip4-8-512gb-grafitovyy
Сотовый телефон BQ BQ-2449 Hammer оранжевый|5170 сом|https://kivano.kg/images/product/85899/1605095006_20935400.jpg|https://kivano.kg/product/view/sotovyy-telefon-bq-bq-2449-hammer-oranzhevyy
Сотовый телефон Samsung Galaxy Z Flip4 8/512GB голубой|48360 сом|https://kivano.kg/images/product/121739/1685872489_84966200.jpg|https://kivano.kg/product/view/sotovyy-telefon-samsung-galaxy-z-flip4-8-512gb-goluboy
Сотовый телефон Apple iPhone 15 Pro 128GB голубой титан|94830 сом|https://kivano.kg/images/product/126394/1694665974_53217900.jpg|https://kivano.kg/product/view/sotovyy-telefon-apple-iphone-15-pro-128gb-goluboy-titan
Сотовый телефон Apple iPhone 15 Pro 256GB черный титан|109650 сом|https://kivano.kg/images/product/126396/1694666848_16000600.jpg|https://kivano.kg/product/view/sotovyy-telefon-apple-iphone-15-pro-256gb-chernyy-titan
Сотовый телефон Apple iPhone 15 Pro 256GB белый титан|109650 сом|https://kivano.kg/images/product/126397/1694666850_43521600.jpg|https://kivano.kg/product/view/sotovyy-telefon-apple-iphone-15-pro-256gb-belyy-titan
Сотовый телефон Samsung Galaxy A35 8/256GB темно-синий|27070 сом|https://kivano.kg/images/product/134846/1711270767_00906000.jpg|https://kivano.kg/product/view/sotovyy-telefon-samsung-galaxy-a35-8-256gb-temno-siniy
Сотовый телефон Apple iPhone 15 Pro 256GB голубой титан|109650 сом|https://kivano.kg/images/product/126398/1694666852_74307500.jpg|https://kivano.kg/product/view/sotovyy-telefon-apple-iphone-15-pro-256gb-goluboy-titan
Сотовый телефон Apple iPhone 15 Pro 256GB натуральный титан|109650 сом|https://kivano.kg/images/product/126399/1694666855_16785700.jpg|https://kivano.kg/product/view/sotovyy-telefon-apple-iphone-15-pro-256gb-naturalnyy-titan
Сотовый телефон Apple iPhone 15 Pro 512GB черный титан|125850 сом|https://kivano.kg/images/product/126400/1694667395_51160400.jpg|https://kivano.kg/product/view/sotovyy-telefon-apple-iphone-15-pro-512gb-chernyy-titan
Сотовый телефон Apple iPhone 15 Pro 512GB белый титан|125850 сом|https://kivano.kg/images/product/126401/1694667398_11147800.jpg|https://kivano.kg/product/view/sotovyy-telefon-apple-iphone-15-pro-512gb-belyy-titan
Сотовый телефон Apple iPhone 15 Pro 512GB голубой титан|125850 сом|https://kivano.kg/images/product/126402/1694667402_09504400.jpg|https://kivano.kg/product/view/sotovyy-telefon-apple-iphone-15-pro-512gb-goluboy-titan
Сотовый телефон Apple iPhone 15 Pro 512GB натуральный титан|125850 сом|https://kivano.kg/images/product/126403/1694667405_30675300.jpg|https://kivano.kg/product/view/sotovyy-telefon-apple-iphone-15-pro-512gb-naturalnyy-titan
Сотовый телефон Apple iPhone 15 Pro 1TB белый титан|136020 сом|https://kivano.kg/images/product/126405/1694668056_75180100.jpg|https://kivano.kg/product/view/sotovyy-telefon-apple-iphone-15-pro-1tb-belyy-titan
Сотовый телефон Samsung Galaxy A55 8/256GB темно-синий|36630 сом|https://kivano.kg/images/product/134854/1711272551_73186400.jpg|https://kivano.kg/product/view/sotovyy-telefon-samsung-galaxy-a55-8-256gb-temno-siniy
Сотовый телефон Apple iPhone 15 Pro 1TB голубой титан|136020 сом|https://kivano.kg/images/product/126406/1694668059_34278800.jpg|https://kivano.kg/product/view/sotovyy-telefon-apple-iphone-15-pro-1tb-goluboy-titan
Сотовый телефон Samsung Galaxy A55 8/256GB серо-голубой|32680 сом|https://kivano.kg/images/product/134855/1711272687_21678800.jpg|https://kivano.kg/product/view/sotovyy-telefon-samsung-galaxy-a55-8-256gb-sero-goluboy
Сотовый телефон Samsung Galaxy A55 8/256GB лавандовый|32680 сом|https://kivano.kg/images/product/134856/1711272799_42856600.jpg|https://kivano.kg/product/view/sotovyy-telefon-samsung-galaxy-a55-8-256gb-lavandovyy
Сотовый телефон Apple iPhone 15 Pro Max 256GB белый титан|120250 сом|https://kivano.kg/images/product/126408/1694669145_24643700.jpg|https://kivano.kg/product/view/sotovyy-telefon-apple-iphone-15-pro-max-256gb-belyy-titan
Сотовый телефон Samsung Galaxy A55 8/256GB лимонный|32680 сом|https://kivano.kg/images/product/134857/1711272912_30837100.jpg|https://kivano.kg/product/view/sotovyy-telefon-samsung-galaxy-a55-8-256gb-limonnyy
Сотовый телефон Apple iPhone 15 Pro Max 256GB черный титан|120250 сом|https://kivano.kg/images/product/126409/1694669229_45961600.jpg|https://kivano.kg/product/view/sotovyy-telefon-apple-iphone-15-pro-max-256gb-chernyy-titan
Сотовый телефон Apple iPhone 15 Pro Max 256GB голубой титан|120250 сом|https://kivano.kg/images/product/126410/1694669232_73814600.jpg|https://kivano.kg/product/view/sotovyy-telefon-apple-iphone-15-pro-max-256gb-goluboy-titan
Сотовый телефон Nothing Phone 2 12/256GB серый|53790 сом|https://kivano.kg/images/product/135883/1714456615_24330100.jpg|https://kivano.kg/product/view/sotovyy-telefon-nothing-phone-2-12-256gb-seryy
Сотовый телефон Apple iPhone 15 256GB зеленый|78360 сом|https://kivano.kg/images/product/126370/1694665367_09261400.jpg|https://kivano.kg/product/view/sotovyy-telefon-apple-iphone-15-256gb-zelenyy
Сотовый телефон Apple iPhone 15 256GB желтый|78360 сом|https://kivano.kg/images/product/126371/1694665360_23131700.jpg|https://kivano.kg/product/view/sotovyy-telefon-apple-iphone-15-256gb-zheltyy
Сотовый телефон Samsung Galaxy Z Flip 6 12/256GB голубой|69130 сом|https://kivano.kg/images/product/139940/1724929754_51320200.jpg|https://kivano.kg/product/view/sotovyy-telefon-samsung-galaxy-z-flip-6-12-256gb-goluboy
Сотовый телефон Xiaomi 13T 8/256GB черный|37670 сом|https://kivano.kg/images/product/127397/1696241398_26865800.jpg|https://kivano.kg/product/view/sotovyy-telefon-xiaomi-13t-8-256gb-chernyy
Сотовый телефон Xiaomi 13T 12/256GB зеленый|42930 сом|https://kivano.kg/images/product/127401/1696241956_61566300.jpg|https://kivano.kg/product/view/sotovyy-telefon-xiaomi-13t-12-256gb-zelenyy
Сотовый телефон Xiaomi 13T 12/256GB голубой|42930 сом|https://kivano.kg/images/product/127402/1696241966_31962400.jpg|https://kivano.kg/product/view/sotovyy-telefon-xiaomi-13t-12-256gb-goluboy
Сотовый телефон Xiaomi 13T 12/256GB черный|42930 сом|https://kivano.kg/images/product/127403/1696241970_66313100.jpg|https://kivano.kg/product/view/sotovyy-telefon-xiaomi-13t-12-256gb-chernyy
Сотовый телефон Apple iPhone 14 128GB полночный черный|61630 сом|https://kivano.kg/images/product/111020/1667069318_27060600.jpg|https://kivano.kg/product/view/sotovyy-telefon-apple-iphone-14-128gb-polnochnyy-chernyy
Сотовый телефон HTC Wildfire E2 4/64Gb черный|10340 сом|https://kivano.kg/images/product/90029/1615734456_46436000.jpg|https://kivano.kg/product/view/sotovyy-telefon-htc-wildfire-e2-4-64gb-chernyy
Сотовый телефон Apple iPhone 14 128GB фиолетовый|61630 сом|https://kivano.kg/images/product/111021/1667069304_37205800.jpg|https://kivano.kg/product/view/sotovyy-telefon-apple-iphone-14-128gb-fioletovyy
Сотовый телефон HTC Wildfire E2 4/64Gb синий|10340 сом|https://kivano.kg/images/product/90030/1615734495_48681000.jpg|https://kivano.kg/product/view/sotovyy-telefon-htc-wildfire-e2-4-64gb-siniy
Сотовый телефон Apple iPhone 14 128GB сияющая звезда|61630 сом|https://kivano.kg/images/product/111022/1667069288_96465100.jpg|https://kivano.kg/product/view/sotovyy-telefon-apple-iphone-14-128gb-siyayuschaya-zvezda
Сотовый телефон Apple iPhone 14 128GB голубой|61630 сом|https://kivano.kg/images/product/111023/1667069269_56684100.jpg|https://kivano.kg/product/view/sotovyy-telefon-apple-iphone-14-128gb-goluboy
Сотовый телефон Apple iPhone 14 128GB красный|61630 сом|https://kivano.kg/images/product/111024/1667069255_04497100.jpg|https://kivano.kg/product/view/sotovyy-telefon-apple-iphone-14-128gb-krasnyy
Сотовый телефон Samsung Galaxy S24 Ultra 12/256GB черный|91290 сом|https://kivano.kg/images/product/132273/1706363906_28266100.jpg|https://kivano.kg/product/view/sotovyy-telefon-samsung-galaxy-s24-ultra-12-256gb-chernyy
Сотовый телефон Samsung Galaxy S24 Ultra 12/256GB фиолетовый|91290 сом|https://kivano.kg/images/product/132274/1706364055_86705800.jpg|https://kivano.kg/product/view/sotovyy-telefon-samsung-galaxy-s24-ultra-12-256gb-fioletovyy
Сотовый телефон Samsung Galaxy S24 Ultra 12/512GB серый|98270 сом|https://kivano.kg/images/product/132279/1706364770_73672000.jpg|https://kivano.kg/product/view/sotovyy-telefon-samsung-galaxy-s24-ultra-12-512gb-seryy
Сотовый телефон Samsung Galaxy S24 Ultra 12/512GB черный|96540 сом|https://kivano.kg/images/product/132280/1706364972_85449100.jpg|https://kivano.kg/product/view/sotovyy-telefon-samsung-galaxy-s24-ultra-12-512gb-chernyy
Сотовый телефон Apple iPhone 15 Pro 128GB черный титан|94830 сом|https://kivano.kg/images/product/126392/1694665969_88523400.jpg|https://kivano.kg/product/view/sotovyy-telefon-apple-iphone-15-pro-128gb-chernyy-titan
Сотовый телефон Apple iPhone 15 Pro 128GB белый титан|94830 сом|https://kivano.kg/images/product/126393/1694665971_99470600.jpg|https://kivano.kg/product/view/sotovyy-telefon-apple-iphone-15-pro-128gb-belyy-titan
Сотовый телефон BQ BQ-2449 Hammer черный|5170 сом|https://kivano.kg/images/product/85900/1605095180_19869000.jpg|https://kivano.kg/product/view/sotovyy-telefon-bq-bq-2449-hammer-chernyy
Сотовый телефон Xiaomi Redmi 14C 6/128GB черный|12500 сом|https://kivano.kg/images/product/141453/1729243847_74338300.jpg|https://kivano.kg/product/view/sotovyy-telefon-xiaomi-redmi-14c-6-128gb-chernyy
Сотовый телефон BQ BQ-3587 Disco Boom черный|5010 сом|https://kivano.kg/images/product/85901/1605098664_11167500.jpg|https://kivano.kg/product/view/sotovyy-telefon-bq-bq-3587-disco-boom-chernyy
Сотовый телефон BQ BQ-3587 Disco Boom зеленый|5010 сом|https://kivano.kg/images/product/85902/1605098898_93582300.jpg|https://kivano.kg/product/view/sotovyy-telefon-bq-bq-3587-disco-boom-zelenyy
Сотовый телефон BQ BQ-3587 Disco Boom синий|5010 сом|https://kivano.kg/images/product/85903/1605099084_28044200.jpg|https://kivano.kg/product/view/sotovyy-telefon-bq-bq-3587-disco-boom-siniy
Сотовый телефон BQ BQ-3587 Disco Boom красный|5010 сом|https://kivano.kg/images/product/85904/1605099196_90993400.jpg|https://kivano.kg/product/view/sotovyy-telefon-bq-bq-3587-disco-boom-krasnyy
Сотовый телефон Google Pixel 9 256GB кремовый|89480 сом|https://kivano.kg/images/product/140693/1727168899_57147000.png|https://kivano.kg/product/view/sotovyy-telefon-google-pixel-9-256gb-kremovyy
Сотовый телефон BQ BQ-2824 Tank T черный|5170 сом|https://kivano.kg/images/product/85909/1605103910_44521000.jpg|https://kivano.kg/product/view/sotovyy-telefon-bq-bq-2824-tank-t-chernyy
Сотовый телефон Google Pixel 9 256GB зеленый|89480 сом|https://kivano.kg/images/product/140694/1727169075_95844000.png|https://kivano.kg/product/view/sotovyy-telefon-google-pixel-9-256gb-zelenyy
Сотовый телефон BQ BQ-2824 Tank T синий камуфляж|5170 сом|https://kivano.kg/images/product/85910/1605104257_24904600.jpg|https://kivano.kg/product/view/sotovyy-telefon-bq-bq-2824-tank-t-siniy-kamuflyazh
Сотовый телефон BQ BQ-2824 Tank T зеленый|5170 сом|https://kivano.kg/images/product/85911/1605104432_78438800.jpg|https://kivano.kg/product/view/sotovyy-telefon-bq-bq-2824-tank-t-zelenyy
Сотовый телефон BQ BQ-2824 Tank T серый камуфляж|5170 сом|https://kivano.kg/images/product/85912/1605104535_51372100.jpg|https://kivano.kg/product/view/sotovyy-telefon-bq-bq-2824-tank-t-seryy-kamuflyazh
Сотовый телефон Apple iPhone 15 128GB черный|69560 сом|https://kivano.kg/images/product/126362/1694665422_87196100.jpg|https://kivano.kg/product/view/sotovyy-telefon-apple-iphone-15-128gb-chernyy
Сотовый телефон Apple iPhone 15 128GB голубой|69560 сом|https://kivano.kg/images/product/126363/1694665415_66982000.jpg|https://kivano.kg/product/view/sotovyy-telefon-apple-iphone-15-128gb-goluboy
Сотовый телефон Apple iPhone 15 128GB зеленый|69560 сом|https://kivano.kg/images/product/126364/1694665408_88868600.jpg|https://kivano.kg/product/view/sotovyy-telefon-apple-iphone-15-128gb-zelenyy
Сотовый телефон Apple iPhone 15 128GB желтый|69560 сом|https://kivano.kg/images/product/126365/1694665402_19932300.jpg|https://kivano.kg/product/view/sotovyy-telefon-apple-iphone-15-128gb-zheltyy
Сотовый телефон Apple iPhone 15 128GB розовый|69560 сом|https://kivano.kg/images/product/126366/1694665395_43145500.jpg|https://kivano.kg/product/view/sotovyy-telefon-apple-iphone-15-128gb-rozovyy
Сотовый телефон Apple iPhone 15 256GB черный|78360 сом|https://kivano.kg/images/product/126367/1694665388_45175800.jpg|https://kivano.kg/product/view/sotovyy-telefon-apple-iphone-15-256gb-chernyy
Сотовый телефон Apple iPhone 15 256GB розовый|78360 сом|https://kivano.kg/images/product/126368/1694665381_92837400.jpg|https://kivano.kg/product/view/sotovyy-telefon-apple-iphone-15-256gb-rozovyy
Сотовый телефон Apple iPhone 15 256GB голубой|78360 сом|https://kivano.kg/images/product/126369/1694665374_93594400.jpg|https://kivano.kg/product/view/sotovyy-telefon-apple-iphone-15-256gb-goluboy
Сотовый телефон Apple iPhone 15 Pro Max 256GB натуральный титан|120250 сом|https://kivano.kg/images/product/126411/1694669308_54562600.jpg|https://kivano.kg/product/view/sotovyy-telefon-apple-iphone-15-pro-max-256gb-naturalnyy-titan
Сотовый телефон Nothing Phone 2 12/256GB белый|53790 сом|https://kivano.kg/images/product/135884/1714456643_48082600.png|https://kivano.kg/product/view/sotovyy-telefon-nothing-phone-2-12-256gb-belyy
Сотовый телефон Apple iPhone 15 Pro Max 512GB черный титан|136020 сом|https://kivano.kg/images/product/126412/1694669897_74793400.jpg|https://kivano.kg/product/view/sotovyy-telefon-apple-iphone-15-pro-max-512gb-chernyy-titan
Сотовый телефон Nothing Phone 2a 12/256GB черный|42930 сом|https://kivano.kg/images/product/135885/1714458731_46846600.png|https://kivano.kg/product/view/sotovyy-telefon-nothing-phone-2a-12-256gb-chernyy
Сотовый телефон Apple iPhone 15 Pro Max 512GB белый титан|136020 сом|https://kivano.kg/images/product/126413/1694669912_72276800.jpg|https://kivano.kg/product/view/sotovyy-telefon-apple-iphone-15-pro-max-512gb-belyy-titan
Сотовый телефон Nothing Phone 2a 12/256GB белый|42930 сом|https://kivano.kg/images/product/135886/1714459000_28359300.png|https://kivano.kg/product/view/sotovyy-telefon-nothing-phone-2a-12-256gb-belyy
Сотовый телефон Apple iPhone 15 Pro Max 512GB голубой титан|136020 сом|https://kivano.kg/images/product/126414/1694669928_15845600.jpg|https://kivano.kg/product/view/sotovyy-telefon-apple-iphone-15-pro-max-512gb-goluboy-titan
Сотовый телефон Apple iPhone 15 Pro Max 512GB натуральный титан|136020 сом|https://kivano.kg/images/product/126415/1694669948_41317400.jpg|https://kivano.kg/product/view/sotovyy-telefon-apple-iphone-15-pro-max-512gb-naturalnyy-titan
Сотовый телефон Apple iPhone 15 Pro Max 1TB черный титан|157920 сом|https://kivano.kg/images/product/126416/1694670551_38768100.jpg|https://kivano.kg/product/view/sotovyy-telefon-apple-iphone-15-pro-max-1tb-chernyy-titan
Сотовый телефон Apple iPhone 15 Pro Max 1TB белый титан|157920 сом|https://kivano.kg/images/product/126417/1694670564_94188000.jpg|https://kivano.kg/product/view/sotovyy-telefon-apple-iphone-15-pro-max-1tb-belyy-titan
Сотовый телефон Apple iPhone 15 Pro Max 1TB голубой титан|157920 сом|https://kivano.kg/images/product/126418/1694670577_44072400.jpg|https://kivano.kg/product/view/sotovyy-telefon-apple-iphone-15-pro-max-1tb-goluboy-titan
Сотовый телефон Apple iPhone 15 Pro Max 1TB натуральный титан|157920 сом|https://kivano.kg/images/product/126419/1694670590_62014200.jpg|https://kivano.kg/product/view/sotovyy-telefon-apple-iphone-15-pro-max-1tb-naturalnyy-titan
Сотовый телефон Xiaomi 13 12/512GB белый|50250 сом|https://kivano.kg/images/product/139733/1724325310_63250200.jpg|https://kivano.kg/product/view/sotovyy-telefon-xiaomi-13-12-512gb-belyy
Сотовый телефон Xiaomi Poco M5s 4/128GB белый|11130 сом|https://kivano.kg/images/product/123608/1689509417_11869300.jpg|https://kivano.kg/product/view/sotovyy-telefon-xiaomi-poco-m5s-4-128gb-belyy
Сотовый телефон Xiaomi Poco M5s 4/128GB серый|11130 сом|https://kivano.kg/images/product/123609/1689509435_19509000.jpg|https://kivano.kg/product/view/sotovyy-telefon-xiaomi-poco-m5s-4-128gb-seryy
Сотовый телефон Xiaomi Poco M5s 4/128GB голубой|11130 сом|https://kivano.kg/images/product/123610/1689509451_19775200.jpg|https://kivano.kg/product/view/sotovyy-telefon-xiaomi-poco-m5s-4-128gb-goluboy
Сотовый телефон Samsung Galaxy A15 8/256GB желтый|18790 сом|https://kivano.kg/images/product/131812/1705584479_52417400.jpg|https://kivano.kg/product/view/sotovyy-telefon-samsung-galaxy-a15-8-256gb-zheltyy
Сотовый телефон Samsung Galaxy A15 8/256GB черно-синий|18790 сом|https://kivano.kg/images/product/131813/1705584585_58561000.jpg|https://kivano.kg/product/view/sotovyy-telefon-samsung-galaxy-a15-8-256gb-cherno-siniy
Сотовый телефон Samsung Galaxy A15 8/256GB светло-голубой|18790 сом|https://kivano.kg/images/product/131814/1705584711_69675400.jpg|https://kivano.kg/product/view/sotovyy-telefon-samsung-galaxy-a15-8-256gb-svetlo-goluboy
Сотовый телефон Samsung Galaxy A25 6/128GB черно-синий|19910 сом|https://kivano.kg/images/product/131815/1705589192_18714100.jpg|https://kivano.kg/product/view/sotovyy-telefon-samsung-galaxy-a25-6-128gb-cherno-siniy
Сотовый телефон Samsung Galaxy A25 6/128GB светло-голубой|19910 сом|https://kivano.kg/images/product/131816/1705589477_65373300.jpg|https://kivano.kg/product/view/sotovyy-telefon-samsung-galaxy-a25-6-128gb-svetlo-goluboy
Сотовый телефон Samsung Galaxy A25 6/128GB желтый|19910 сом|https://kivano.kg/images/product/131817/1705590059_25144400.png|https://kivano.kg/product/view/sotovyy-telefon-samsung-galaxy-a25-6-128gb-zheltyy
Сотовый телефон Samsung Galaxy S23 Ultra 12/256GB зеленый|73100 сом|https://kivano.kg/images/product/118776/1679157700_75637200.jpg|https://kivano.kg/product/view/sotovyy-telefon-samsung-galaxy-s23-ultra-12-256gb-zelenyy
Сотовый телефон Samsung Galaxy A25 8/256GB черно-синий|22670 сом|https://kivano.kg/images/product/131818/1705590445_76433300.jpg|https://kivano.kg/product/view/sotovyy-telefon-samsung-galaxy-a25-8-256gb-cherno-siniy
Сотовый телефон Xiaomi Redmi Note 13 6/128GB зеленый|13530 сом|https://kivano.kg/images/product/132089/1705999153_10099800.jpg|https://kivano.kg/product/view/sotovyy-telefon-xiaomi-redmi-note-13-6-128gb-zelenyy
Сотовый телефон Samsung Galaxy A25 8/256GB светло-голубой|22670 сом|https://kivano.kg/images/product/131819/1705590617_22244600.jpg|https://kivano.kg/product/view/sotovyy-telefon-samsung-galaxy-a25-8-256gb-svetlo-goluboy
Сотовый телефон Samsung Galaxy S23 Ultra 12/256GB кремовый|70420 сом|https://kivano.kg/images/product/118777/1679157813_68212900.jpg|https://kivano.kg/product/view/sotovyy-telefon-samsung-galaxy-s23-ultra-12-256gb-kremovyy
Сотовый телефон Samsung Galaxy A25 8/256GB желтый|22670 сом|https://kivano.kg/images/product/131820/1705590800_22128900.png|https://kivano.kg/product/view/sotovyy-telefon-samsung-galaxy-a25-8-256gb-zheltyy
Сотовый телефон Xiaomi Poco M5s 8/256GB голубой|12940 сом|https://kivano.kg/images/product/121337/1684708317_26590300.jpg|https://kivano.kg/product/view/sotovyy-telefon-xiaomi-poco-m5s-8-256gb-goluboy
Сотовый телефон Xiaomi Poco C65 8/256GB черный|12760 сом|https://kivano.kg/images/product/131824/1705623090_91812900.jpg|https://kivano.kg/product/view/sotovyy-telefon-xiaomi-poco-c65-8-256gb-chernyy
Сотовый телефон Xiaomi Redmi Note 13 6/128GB голубой|13530 сом|https://kivano.kg/images/product/132090/1705999157_53071300.jpg|https://kivano.kg/product/view/sotovyy-telefon-xiaomi-redmi-note-13-6-128gb-goluboy
Сотовый телефон Xiaomi Redmi Note 13 8/256GB золотистый|15080 сом|https://kivano.kg/images/product/141808/1729958190_94446200.jpg|https://kivano.kg/product/view/sotovyy-telefon-xiaomi-redmi-note-13-8-256gb-zolotistyy
Сотовый телефон Xiaomi Poco F6 12/512GB титан|34130 сом|https://kivano.kg/images/product/137210/1717270290_64705600.png|https://kivano.kg/product/view/sotovyy-telefon-xiaomi-poco-f6-12-512gb-titan
Сотовый телефон Xiaomi Poco C65 8/256GB синий|12760 сом|https://kivano.kg/images/product/131825/1705623174_18629200.jpg|https://kivano.kg/product/view/sotovyy-telefon-xiaomi-poco-c65-8-256gb-siniy
Сотовый телефон Samsung Galaxy S23 Ultra 12/256GB графит|73100 сом|https://kivano.kg/images/product/118778/1679158043_70638600.jpg|https://kivano.kg/product/view/sotovyy-telefon-samsung-galaxy-s23-ultra-12-256gb-grafit
Сотовый телефон Xiaomi Redmi Note 13 6/128GB золотистый|13530 сом|https://kivano.kg/images/product/141809/1730110020_95327300.jpg|https://kivano.kg/product/view/sotovyy-telefon-xiaomi-redmi-note-13-6-128gb-zolotistyy
Сотовый телефон Xiaomi Poco M5s 8/256GB серый|12940 сом|https://kivano.kg/images/product/121338/1684708431_26906700.jpg|https://kivano.kg/product/view/sotovyy-telefon-xiaomi-poco-m5s-8-256gb-seryy
Сотовый телефон Xiaomi Poco X6 Pro 8/256GB черный|27500 сом|https://kivano.kg/images/product/131826/1705625854_50110600.jpg|https://kivano.kg/product/view/sotovyy-telefon-xiaomi-poco-x6-pro-8-256gb-chernyy
Сотовый телефон Samsung Galaxy S23 Ultra 12/256GB голубой|70420 сом|https://kivano.kg/images/product/118779/1679158197_62024500.jpg|https://kivano.kg/product/view/sotovyy-telefon-samsung-galaxy-s23-ultra-12-256gb-goluboy
Сотовый телефон Xiaomi Poco F6 12/512GB черный|34130 сом|https://kivano.kg/images/product/136946/1716652388_74715100.png|https://kivano.kg/product/view/sotovyy-telefon-xiaomi-poco-f6-12-512gb-chernyy
Сотовый телефон Xiaomi Poco M5s 8/256GB белый|12940 сом|https://kivano.kg/images/product/121339/1684708514_88385500.jpg|https://kivano.kg/product/view/sotovyy-telefon-xiaomi-poco-m5s-8-256gb-belyy
Сотовый телефон Xiaomi Poco X6 Pro 8/256GB желтый|27500 сом|https://kivano.kg/images/product/131827/1705625995_44993300.jpg|https://kivano.kg/product/view/sotovyy-telefon-xiaomi-poco-x6-pro-8-256gb-zheltyy
Сотовый телефон Samsung Galaxy S23 Ultra 12/256GB лайм|70420 сом|https://kivano.kg/images/product/118780/1679158341_46848200.jpg|https://kivano.kg/product/view/sotovyy-telefon-samsung-galaxy-s23-ultra-12-256gb-laym
Сотовый телефон Xiaomi Poco F6 12/512GB зеленый|34130 сом|https://kivano.kg/images/product/136947/1716652521_83729400.png|https://kivano.kg/product/view/sotovyy-telefon-xiaomi-poco-f6-12-512gb-zelenyy
Сотовый телефон Samsung Galaxy S23 Ultra 12/256GB красный|70420 сом|https://kivano.kg/images/product/118781/1679158429_30785500.jpg|https://kivano.kg/product/view/sotovyy-telefon-samsung-galaxy-s23-ultra-12-256gb-krasnyy
Сотовый телефон Xiaomi Poco X6 Pro 8/256GB серый|27500 сом|https://kivano.kg/images/product/131828/1705626079_77303100.jpg|https://kivano.kg/product/view/sotovyy-telefon-xiaomi-poco-x6-pro-8-256gb-seryy
Сотовый телефон Xiaomi Redmi Note 13 8/256GB черный|15080 сом|https://kivano.kg/images/product/132094/1705999812_44180900.jpg|https://kivano.kg/product/view/sotovyy-telefon-xiaomi-redmi-note-13-8-256gb-chernyy
Сотовый телефон Samsung Galaxy A15 4/128GB голубой|15950 сом|https://kivano.kg/images/product/139252/1723369386_57738200.png|https://kivano.kg/product/view/sotovyy-telefon-samsung-galaxy-a15-4-128gb-goluboy
Сотовый телефон Xiaomi Redmi Note 13 8/256GB зеленый|15080 сом|https://kivano.kg/images/product/132095/1705999818_44178400.jpg|https://kivano.kg/product/view/sotovyy-telefon-xiaomi-redmi-note-13-8-256gb-zelenyy
Сотовый телефон Xiaomi Poco X6 Pro 12/512GB черный|31460 сом|https://kivano.kg/images/product/131829/1705626331_52960500.jpg|https://kivano.kg/product/view/sotovyy-telefon-xiaomi-poco-x6-pro-12-512gb-chernyy
Сотовый телефон Samsung Galaxy Z Flip 5 8/512GB мятный|56200 сом|https://kivano.kg/images/product/128255/1697901669_72793300.jpg|https://kivano.kg/product/view/sotovyy-telefon-samsung-galaxy-z-flip-5-8-512gb-myatnyy
Сотовый телефон Samsung Galaxy A25 8/256GB голубой|22670 сом|https://kivano.kg/images/product/139253/1723371209_93425500.png|https://kivano.kg/product/view/sotovyy-telefon-samsung-galaxy-a25-8-256gb-goluboy
Сотовый телефон Xiaomi Poco X6 Pro 12/512GB желтый|31460 сом|https://kivano.kg/images/product/131830/1705626406_42150800.jpg|https://kivano.kg/product/view/sotovyy-telefon-xiaomi-poco-x6-pro-12-512gb-zheltyy
Сотовый телефон Xiaomi Poco X6 Pro 12/512GB серый|31460 сом|https://kivano.kg/images/product/131831/1705626547_61167500.jpg|https://kivano.kg/product/view/sotovyy-telefon-xiaomi-poco-x6-pro-12-512gb-seryy
Сотовый телефон Xiaomi Redmi Note 13 6/128GB черный|13530 сом|https://kivano.kg/images/product/132088/1705999148_91700300.jpg|https://kivano.kg/product/view/sotovyy-telefon-xiaomi-redmi-note-13-6-128gb-chernyy
Сотовый телефон Xiaomi Redmi Note 13 8/256GB голубой|15080 сом|https://kivano.kg/images/product/132096/1705999822_48551100.jpg|https://kivano.kg/product/view/sotovyy-telefon-xiaomi-redmi-note-13-8-256gb-goluboy
Сотовый телефон Samsung Galaxy Z Flip 5 8/512GB кремовый|56200 сом|https://kivano.kg/images/product/128256/1697901834_63832900.jpg|https://kivano.kg/product/view/sotovyy-telefon-samsung-galaxy-z-flip-5-8-512gb-kremovyy
Сотовый телефон Samsung Galaxy Z Flip 5 8/512GB лавандовый|56200 сом|https://kivano.kg/images/product/128257/1697901941_07758200.jpg|https://kivano.kg/product/view/sotovyy-telefon-samsung-galaxy-z-flip-5-8-512gb-lavandovyy
Сотовый телефон Google Pixel 9 256GB розовый|89480 сом|https://kivano.kg/images/product/140040/1725121434_37273100.jpg|https://kivano.kg/product/view/sotovyy-telefon-google-pixel-9-256gb-rozovyy
Сотовый телефон Xiaomi Redmi 13 8/128GB черный|14750 сом|https://kivano.kg/images/product/137481/1717999509_23909500.png|https://kivano.kg/product/view/sotovyy-telefon-xiaomi-redmi-13-8-128gb-chernyy
Сотовый телефон Google Pixel 9 256GB черный|89480 сом|https://kivano.kg/images/product/140041/1725121446_13864400.jpg|https://kivano.kg/product/view/sotovyy-telefon-google-pixel-9-256gb-chernyy
Сотовый телефон Xiaomi Redmi Note 13 Pro 8/256GB черный|20260 сом|https://kivano.kg/images/product/132106/1706001917_61615100.jpg|https://kivano.kg/product/view/sotovyy-telefon-xiaomi-redmi-note-13-pro-8-256gb-chernyy
Сотовый телефон Google Pixel 9 Pro XL 256GB черный|114040 сом|https://kivano.kg/images/product/140042/1725124850_59447700.jpg|https://kivano.kg/product/view/sotovyy-telefon-google-pixel-9-pro-xl-256gb-chernyy
Сотовый телефон Xiaomi Redmi Note 13 Pro 8/256GB фиолетовый|20260 сом|https://kivano.kg/images/product/132107/1706001921_44783600.jpg|https://kivano.kg/product/view/sotovyy-telefon-xiaomi-redmi-note-13-pro-8-256gb-fioletovyy
Сотовый телефон Xiaomi Redmi 13 8/128GB золотистый|14750 сом|https://kivano.kg/images/product/137483/1717999690_72771000.png|https://kivano.kg/product/view/sotovyy-telefon-xiaomi-redmi-13-8-128gb-zolotistyy
Сотовый телефон Google Pixel 9 Pro XL 256GB розовый кварц|114040 сом|https://kivano.kg/images/product/140043/1725125035_75488700.jpg|https://kivano.kg/product/view/sotovyy-telefon-google-pixel-9-pro-xl-256gb-rozovyy-kvarts
Сотовый телефон Xiaomi Redmi Note 13 Pro 8/256GB зеленый|20260 сом|https://kivano.kg/images/product/132108/1706001924_96815800.jpg|https://kivano.kg/product/view/sotovyy-telefon-xiaomi-redmi-note-13-pro-8-256gb-zelenyy
Сотовый телефон Xiaomi Redmi 13 8/128GB голубой|14750 сом|https://kivano.kg/images/product/137484/1717999777_31288100.png|https://kivano.kg/product/view/sotovyy-telefon-xiaomi-redmi-13-8-128gb-goluboy
Сотовый телефон Google Pixel 9 Pro XL 256GB ореховый|114040 сом|https://kivano.kg/images/product/140044/1725125171_74469000.jpg|https://kivano.kg/product/view/sotovyy-telefon-google-pixel-9-pro-xl-256gb-orekhovyy
Сотовый телефон Xiaomi Redmi 13C 4/128GB черный|11290 сом|https://kivano.kg/images/product/129292/1700309450_89657300.jpg|https://kivano.kg/product/view/sotovyy-telefon-xiaomi-redmi-13c-4-128gb-chernyy
Сотовый телефон Xiaomi Redmi Note 13 Pro 12/512GB черный|24310 сом|https://kivano.kg/images/product/132109/1706002286_29926800.jpg|https://kivano.kg/product/view/sotovyy-telefon-xiaomi-redmi-note-13-pro-12-512gb-chernyy
Сотовый телефон Xiaomi Redmi 13 8/256GB черный|15600 сом|https://kivano.kg/images/product/137485/1718000029_82295900.png|https://kivano.kg/product/view/sotovyy-telefon-xiaomi-redmi-13-8-256gb-chernyy
Сотовый телефон Google Pixel 9 Pro XL 256GB кремовый|114040 сом|https://kivano.kg/images/product/140045/1725125268_36946500.jpg|https://kivano.kg/product/view/sotovyy-telefon-google-pixel-9-pro-xl-256gb-kremovyy
Сотовый телефон Xiaomi Redmi 13C 4/128GB синий|11290 сом|https://kivano.kg/images/product/129293/1700309634_00661200.png|https://kivano.kg/product/view/sotovyy-telefon-xiaomi-redmi-13c-4-128gb-siniy
Сотовый телефон Xiaomi Redmi Note 13 Pro 12/512GB фиолетовый|24310 сом|https://kivano.kg/images/product/132110/1706002290_04725600.jpg|https://kivano.kg/product/view/sotovyy-telefon-xiaomi-redmi-note-13-pro-12-512gb-fioletovyy
